Workbook
Name REF_unit_code: 'Master_Unit'!$A$2:$A$4
Name REF_owner_team_code: 'Master_Tim'!$A$2:$A$4
Name REF_indicator_code: 'Master_Indikator'!$A$2:$A$9

Sheet BACA_DULU
A1: bagian | B1: petunjuk
A2: Peringatan | B2: SELURUH DATA DAN TARGET FIKTIF. Bukan data production, rekomendasi final atau bukti kausal.
A3: Topik | B3: Goal, indikator, target, bukti pengukuran, arah KPI, gap dan evaluasi tindakan.
A4: Batas interpretasi | B4: HIGHER dan LOWER memakai rumus berbeda; IDR, kasus, jam dan skor tidak boleh dijumlahkan bersama. Sampel 3 pengukuran hanya demonstrasi.
A5: Impor Google Sheets | B5: Upload Excel ke Drive lalu buka/konversi sebagai Google Sheets. Periksa formula, tanggal dan jumlah baris sebelum onboarding.
A6: Waktu | B6: Tanggal disimpan sebagai teks ISO yyyy-mm-dd: pilih date, parse_date_id, format TEXT, pola %Y-%m-%d. Timestamp teks ISO ber-offset: timestamptz.
A7: Master | B7: Master bersama identik pada beberapa file: muat sekali ke Registry master, lalu gunakan kembali binding. Jangan menggandakan registry master yang sama.
A8: Rekap | B8: Rekap/rataan/rasio utama ditautkan ke raw lewat formula dan cache. Recalculate setelah edit/impor, periksa jumlah baris, penyebut dan master. CSV berisi hasil numerik, bukan formula.
A9: Klasifikasi | B9: Master_* = MASTER. Tab data/rekap/Action_Plan = NON_MASTER. BACA_DULU, Kamus_Data, Rencana_ETL = petunjuk, Dikecualikan dari ETL.
A10: Action plan | B10: Baseline diambil dari record sumber; cause_status UNVERIFIED, follow-up kosong/NOT_EVALUATED. Verifikasi bukti dan pilih target bisnis sebelum tindakan.
A11: Load | B11: Contoh memakai key unik dan saran UPSERT. Review grain, reference binding, tipe, DQ, metrik, access dan rilis sebelum deploy. Jangan upload contoh ke sumber production yang aktif.

Sheet Kamus_Data
A1: sheet | B1: column | C1: type | D1: nullable | E1: business_key | F1: meaning | G1: example
A2: Master_Unit | B2: unit_code | C2: text | D2: FALSE | E2: TRUE | F2: Identitas stabil sesuai grain. | G2: UNIT-CS
A3: Master_Unit | B3: unit_label | C3: text | D3: FALSE | E3: FALSE | F3: Kode/label/atribut sesuai nama kolom dan grain; lihat Rencana_ETL serta definisi metrik. Jangan menjumlahkan rasio atau satuan berbeda. | G3: Layanan Pelanggan
A4: Master_Unit | B4: is_active | C4: boolean | D4: FALSE | E4: FALSE | F4: Kode/label/atribut sesuai nama kolom dan grain; lihat Rencana_ETL serta definisi metrik. Jangan menjumlahkan rasio atau satuan berbeda. | G4: True
A5: Master_Tim | B5: owner_team_code | C5: text | D5: FALSE | E5: TRUE | F5: Identitas stabil sesuai grain. | G5: TEAM-CS
A6: Master_Tim | B6: team_label | C6: text | D6: FALSE | E6: FALSE | F6: Kode/label/atribut sesuai nama kolom dan grain; lihat Rencana_ETL serta definisi metrik. Jangan menjumlahkan rasio atau satuan berbeda. | G6: Tim Layanan
A7: Master_Tim | B7: unit_code | C7: text | D7: FALSE | E7: FALSE | F7: Kode/label/atribut sesuai nama kolom dan grain; lihat Rencana_ETL serta definisi metrik. Jangan menjumlahkan rasio atau satuan berbeda. | G7: UNIT-CS
A8: Master_Indikator | B8: indicator_code | C8: text | D8: FALSE | E8: TRUE | F8: Identitas stabil sesuai grain. | G8: REVENUE
A9: Master_Indikator | B9: indicator_label | C9: text | D9: FALSE | E9: FALSE | F9: Kode/label/atribut sesuai nama kolom dan grain; lihat Rencana_ETL serta definisi metrik. Jangan menjumlahkan rasio atau satuan berbeda. | G9: Pendapatan tercatat
A10: Master_Indikator | B10: measurement_unit | C10: text | D10: FALSE | E10: FALSE | F10: Kode/label/atribut sesuai nama kolom dan grain; lihat Rencana_ETL serta definisi metrik. Jangan menjumlahkan rasio atau satuan berbeda. | G10: IDR
A11: Master_Indikator | B11: direction | C11: text | D11: FALSE | E11: FALSE | F11: HIGHER_IS_BETTER atau LOWER_IS_BETTER menentukan arah evaluasi. | G11: HIGHER_IS_BETTER
A12: Master_Indikator | B12: aggregation | C12: text | D12: FALSE | E12: FALSE | F12: Kode/label/atribut sesuai nama kolom dan grain; lihat Rencana_ETL serta definisi metrik. Jangan menjumlahkan rasio atau satuan berbeda. | G12: SUM
A13: Master_Indikator | B13: definition | C13: text | D13: FALSE | E13: FALSE | F13: Kode/label/atribut sesuai nama kolom dan grain; lihat Rencana_ETL serta definisi metrik. Jangan menjumlahkan rasio atau satuan berbeda. | G13: Jumlah pendapatan tercatat pada periode.
... A78: Action_Plan | B78: collected_at | C78: timestamptz | D78: FALSE | E78: FALSE | F78: Waktu pengambilan, bukan periode bisnis. | G78: 2026-02-02T09:00:00+07:00

Sheet Rencana_ETL
A1: sheet | B1: classification | C1: grain | D1: business_key | E1: load | F1: metrics | G1: notes
A2: Master_Unit | B2: MASTER | C2: satu baris per unit | D2: unit_code | E2: Registry master | F2: Review definisi sebelum menambahkan metrik
A3: Master_Tim | B3: MASTER | C3: satu baris per tim penanggung jawab | D3: owner_team_code | E3: Registry master | F3: Review definisi sebelum menambahkan metrik
A4: Master_Indikator | B4: MASTER | C4: satu baris per indikator dengan definisi dan satuan | D4: indicator_code | E4: Registry master | F4: Review definisi sebelum menambahkan metrik
A5: KPI_Plan | B5: NON_MASTER | C5: satu baris per unit indikator periode versi target aktif | D5: plan_id | E5: UPSERT | F5: Review definisi sebelum menambahkan metrik | G5: goal_id bukan business key karena satu goal dapat memiliki banyak indikator/periode. Versi target direview sebelum evaluasi.
A6: KPI_Measurement | B6: NON_MASTER | C6: satu baris per bukti pengukuran indikator | D6: measurement_id | E6: UPSERT | F6: m_revenue_observed:sum [IDR] dengan filter indikator; m_resolved_observed:sum [CASE] dengan filter indikator; m_response_hours_observed:avg [HOUR] dengan filter indikator; m_satisfaction_observed:avg [SCORE_1_5] dengan filter indikator | G6: Nilai berbeda satuan tidak dijumlahkan. Rekap aktual mengikuti SUM/AVG pada Master_Indikator; 3 sampel tidak mewakili populasi tanpa bukti.
A7: KPI_Result | B7: NON_MASTER | C7: satu baris per plan indikator periode | D7: kpi_result_id | E7: UPSERT | F7: m_revenue_target_value:max [IDR] dengan filter indikator; m_revenue_actual_value:max [IDR] dengan filter indikator; m_resolved_target_value:max [CASE] dengan filter indikator; m_resolved_actual_value:max [CASE] dengan filter indikator; m_response_hours_target_value:max [HOUR] dengan filter indikator; m_response_hours_actual_value:max [HOUR] dengan filter indikator; m_satisfaction_target_value:max [SCORE_1_5] dengan filter indikator; m_satisfaction_actual_value:max [SCORE_1_5] dengan filter indikator | G7: Jangan SUM actual/gap/achievement lintas indikator atau AVG rasio tanpa bobot yang sah. Actual rekap perlu dihitung ulang jika pengukuran berubah; rasio arah LOWER berbeda dari HIGHER.
A8: Action_Plan | B8: NON_MASTER | C8: satu baris per tindakan yang merujuk record temuan | D8: action_id | E8: UPSERT | F8: Review definisi sebelum menambahkan metrik | G8: Baseline dibekukan sesuai periode bukti; hipotesis belum terverifikasi. Nilai follow-up kosong berarti belum dievaluasi, bukan nol.

Sheet Master_Unit
A1: unit_code | B1: unit_label | C1: is_active
A2: UNIT-CS | B2: Layanan Pelanggan | C2: TRUE
A3: UNIT-MKT | B3: Marketing | C3: TRUE
A4: UNIT-OPS | B4: Operasional | C4: TRUE

Sheet Master_Tim
A1: owner_team_code | B1: team_label | C1: unit_code
A2: TEAM-CS | B2: Tim Layanan | C2: UNIT-CS
A3: TEAM-MKT | B3: Tim Marketing | C3: UNIT-MKT
A4: TEAM-OPS | B4: Tim Operasional | C4: UNIT-OPS

Sheet Master_Indikator
A1: indicator_code | B1: indicator_label | C1: measurement_unit | D1: direction | E1: aggregation | F1: definition
A2: REVENUE | B2: Pendapatan tercatat | C2: IDR | D2: HIGHER_IS_BETTER | E2: SUM | F2: Jumlah pendapatan tercatat pada periode.
A3: RESOLVED | B3: Kasus selesai | C3: CASE | D3: HIGHER_IS_BETTER | E3: SUM | F3: Jumlah kasus unik selesai pada periode.
A4: RESPONSE_HOURS | B4: Jam respons awal | C4: HOUR | D4: LOWER_IS_BETTER | E4: AVG | F4: Rata-rata jam respons dari sampel yang dicatat.
A5: SATISFACTION | B5: Skor kepuasan | C5: SCORE_1_5 | D5: HIGHER_IS_BETTER | E5: AVG | F5: Rating sampel 1 sampai 5, bukan CSAT/NPS.
A6: SLA_BREACH | B6: Rasio pelanggaran SLA | C6: RATIO | D6: LOWER_IS_BETTER | E6: RECOMPUTE_RATIO | F6: Keluhan melewati SLA / keluhan cohort periode.
A7: COST_QUALIFIED_LEAD | B7: Biaya per qualified lead | C7: IDR_PER_LEAD | D7: LOWER_IS_BETTER | E7: RECOMPUTE_RATIO | F7: Spend / qualified leads yang teratribusi dan terdeduplikasi.
A8: PRODUCT_CSAT | B8: CSAT produk | C8: RATIO | D8: HIGHER_IS_BETTER | E8: RECOMPUTE_RATIO | F8: Skor produk 4/5 dibagi respons valid pada versi survei yang sama.
A9: SERVICE_SCORE | B9: Skor layanan | C9: SCORE_1_5 | D9: HIGHER_IS_BETTER | E9: AVG | F9: Rataan skor layanan dalam metode/sampel yang sebanding.

Sheet KPI_Plan
A1: plan_id | B1: goal_id | C1: goal_description | D1: unit_code | E1: indicator_code | F1: measurement_unit | G1: direction | H1: period_start | I1: period_end | J1: target_value | K1: target_version | L1: target_set_at | M1: collected_at
A2: PLAN-1-REVENUE | B2: GOAL-EXPERIENCE-2026 | C2: Tingkatkan kinerja bisnis terukur sesuai indikator | D2: UNIT-MKT | E2: REVENUE | F2: IDR | G2: HIGHER_IS_BETTER | H2: 2026-01-01 | I2: 2026-01-31 | J2: 3000000 | K2: TARGET-V1-FICTITIOUS | L2: 2025-12-15T09:00:00+07:00 | M2: 2026-03-03T09:00:00+07:00
A3: PLAN-1-RESOLVED | B3: GOAL-EXPERIENCE-2026 | C3: Tingkatkan kinerja bisnis terukur sesuai indikator | D3: UNIT-CS | E3: RESOLVED | F3: CASE | G3: HIGHER_IS_BETTER | H3: 2026-01-01 | I3: 2026-01-31 | J3: 30 | K3: TARGET-V1-FICTITIOUS | L3: 2025-12-15T09:00:00+07:00 | M3: 2026-03-03T09:00:00+07:00
A4: PLAN-1-RESPONSE_HOURS | B4: GOAL-EXPERIENCE-2026 | C4: Tingkatkan kinerja bisnis terukur sesuai indikator | D4: UNIT-CS | E4: RESPONSE_HOURS | F4: HOUR | G4: LOWER_IS_BETTER | H4: 2026-01-01 | I4: 2026-01-31 | J4: 24 | K4: TARGET-V1-FICTITIOUS | L4: 2025-12-15T09:00:00+07:00 | M4: 2026-03-03T09:00:00+07:00
A5: PLAN-1-SATISFACTION | B5: GOAL-EXPERIENCE-2026 | C5: Tingkatkan kinerja bisnis terukur sesuai indikator | D5: UNIT-CS | E5: SATISFACTION | F5: SCORE_1_5 | G5: HIGHER_IS_BETTER | H5: 2026-01-01 | I5: 2026-01-31 | J5: 4 | K5: TARGET-V1-FICTITIOUS | L5: 2025-12-15T09:00:00+07:00 | M5: 2026-03-03T09:00:00+07:00
A6: PLAN-2-REVENUE | B6: GOAL-EXPERIENCE-2026 | C6: Tingkatkan kinerja bisnis terukur sesuai indikator | D6: UNIT-MKT | E6: REVENUE | F6: IDR | G6: HIGHER_IS_BETTER | H6: 2026-02-01 | I6: 2026-02-28 | J6: 3000000 | K6: TARGET-V1-FICTITIOUS | L6: 2025-12-15T09:00:00+07:00 | M6: 2026-03-03T09:00:00+07:00
A7: PLAN-2-RESOLVED | B7: GOAL-EXPERIENCE-2026 | C7: Tingkatkan kinerja bisnis terukur sesuai indikator | D7: UNIT-CS | E7: RESOLVED | F7: CASE | G7: HIGHER_IS_BETTER | H7: 2026-02-01 | I7: 2026-02-28 | J7: 30 | K7: TARGET-V1-FICTITIOUS | L7: 2025-12-15T09:00:00+07:00 | M7: 2026-03-03T09:00:00+07:00
A8: PLAN-2-RESPONSE_HOURS | B8: GOAL-EXPERIENCE-2026 | C8: Tingkatkan kinerja bisnis terukur sesuai indikator | D8: UNIT-CS | E8: RESPONSE_HOURS | F8: HOUR | G8: LOWER_IS_BETTER | H8: 2026-02-01 | I8: 2026-02-28 | J8: 24 | K8: TARGET-V1-FICTITIOUS | L8: 2025-12-15T09:00:00+07:00 | M8: 2026-03-03T09:00:00+07:00
A9: PLAN-2-SATISFACTION | B9: GOAL-EXPERIENCE-2026 | C9: Tingkatkan kinerja bisnis terukur sesuai indikator | D9: UNIT-CS | E9: SATISFACTION | F9: SCORE_1_5 | G9: HIGHER_IS_BETTER | H9: 2026-02-01 | I9: 2026-02-28 | J9: 4 | K9: TARGET-V1-FICTITIOUS | L9: 2025-12-15T09:00:00+07:00 | M9: 2026-03-03T09:00:00+07:00

Sheet KPI_Measurement
A1: measurement_id | B1: plan_id | C1: unit_code | D1: indicator_code | E1: measured_at | F1: measured_value | G1: measurement_unit | H1: evidence_ref | I1: method_version | J1: collected_at
A2: MEAS-1-0-0 | B2: PLAN-1-REVENUE | C2: UNIT-MKT | D2: REVENUE | E2: 2026-01-12T09:00:00+07:00 | F2: 700000 | G2: IDR | H2: SIMULASI-MEAS-1-0-0 | I2: METHOD-V1 | J2: 2026-03-03T09:00:00+07:00
A3: MEAS-1-0-1 | B3: PLAN-1-REVENUE | C3: UNIT-MKT | D3: REVENUE | E3: 2026-01-13T09:00:00+07:00 | F3: 800000 | G3: IDR | H3: SIMULASI-MEAS-1-0-1 | I3: METHOD-V1 | J3: 2026-03-03T09:00:00+07:00
A4: MEAS-1-0-2 | B4: PLAN-1-REVENUE | C4: UNIT-MKT | D4: REVENUE | E4: 2026-01-14T09:00:00+07:00 | F4: 900000 | G4: IDR | H4: SIMULASI-MEAS-1-0-2 | I4: METHOD-V1 | J4: 2026-03-03T09:00:00+07:00
A5: MEAS-1-1-0 | B5: PLAN-1-RESOLVED | C5: UNIT-CS | D5: RESOLVED | E5: 2026-01-12T09:00:00+07:00 | F5: 7 | G5: CASE | H5: SIMULASI-MEAS-1-1-0 | I5: METHOD-V1 | J5: 2026-03-03T09:00:00+07:00
A6: MEAS-1-1-1 | B6: PLAN-1-RESOLVED | C6: UNIT-CS | D6: RESOLVED | E6: 2026-01-13T09:00:00+07:00 | F6: 8 | G6: CASE | H6: SIMULASI-MEAS-1-1-1 | I6: METHOD-V1 | J6: 2026-03-03T09:00:00+07:00
A7: MEAS-1-1-2 | B7: PLAN-1-RESOLVED | C7: UNIT-CS | D7: RESOLVED | E7: 2026-01-14T09:00:00+07:00 | F7: 9 | G7: CASE | H7: SIMULASI-MEAS-1-1-2 | I7: METHOD-V1 | J7: 2026-03-03T09:00:00+07:00
A8: MEAS-1-2-0 | B8: PLAN-1-RESPONSE_HOURS | C8: UNIT-CS | D8: RESPONSE_HOURS | E8: 2026-01-12T09:00:00+07:00 | F8: 28 | G8: HOUR | H8: SIMULASI-MEAS-1-2-0 | I8: METHOD-V1 | J8: 2026-03-03T09:00:00+07:00
A9: MEAS-1-2-1 | B9: PLAN-1-RESPONSE_HOURS | C9: UNIT-CS | D9: RESPONSE_HOURS | E9: 2026-01-13T09:00:00+07:00 | F9: 30 | G9: HOUR | H9: SIMULASI-MEAS-1-2-1 | I9: METHOD-V1 | J9: 2026-03-03T09:00:00+07:00
A10: MEAS-1-2-2 | B10: PLAN-1-RESPONSE_HOURS | C10: UNIT-CS | D10: RESPONSE_HOURS | E10: 2026-01-14T09:00:00+07:00 | F10: 32 | G10: HOUR | H10: SIMULASI-MEAS-1-2-2 | I10: METHOD-V1 | J10: 2026-03-03T09:00:00+07:00
A11: MEAS-1-3-0 | B11: PLAN-1-SATISFACTION | C11: UNIT-CS | D11: SATISFACTION | E11: 2026-01-12T09:00:00+07:00 | F11: 3 | G11: SCORE_1_5 | H11: SIMULASI-MEAS-1-3-0 | I11: METHOD-V1 | J11: 2026-03-03T09:00:00+07:00
A12: MEAS-1-3-1 | B12: PLAN-1-SATISFACTION | C12: UNIT-CS | D12: SATISFACTION | E12: 2026-01-13T09:00:00+07:00 | F12: 4 | G12: SCORE_1_5 | H12: SIMULASI-MEAS-1-3-1 | I12: METHOD-V1 | J12: 2026-03-03T09:00:00+07:00
A13: MEAS-1-3-2 | B13: PLAN-1-SATISFACTION | C13: UNIT-CS | D13: SATISFACTION | E13: 2026-01-14T09:00:00+07:00 | F13: 3 | G13: SCORE_1_5 | H13: SIMULASI-MEAS-1-3-2 | I13: METHOD-V1 | J13: 2026-03-03T09:00:00+07:00
... A25: MEAS-2-3-2 | B25: PLAN-2-SATISFACTION | C25: UNIT-CS | D25: SATISFACTION | E25: 2026-02-14T09:00:00+07:00 | F25: 3.3 | G25: SCORE_1_5 | H25: SIMULASI-MEAS-2-3-2 | I25: METHOD-V1 | J25: 2026-03-03T09:00:00+07:00

Sheet KPI_Result
A1: kpi_result_id | B1: plan_id | C1: goal_id | D1: unit_code | E1: indicator_code | F1: period_start | G1: period_end | H1: measurement_unit | I1: direction | J1: aggregation | K1: target_value | L1: actual_value | M1: sample_count | N1: unfavourable_gap | O1: achievement_ratio | P1: result_status | Q1: reporting_status | R1: collected_at | S1: data_as_of_at
A2: RESULT-1-REVENUE | B2: PLAN-1-REVENUE | C2: GOAL-EXPERIENCE-2026 | D2: UNIT-MKT | E2: REVENUE | F2: 2026-01-01 | G2: 2026-01-31 | H2: IDR | I2: HIGHER_IS_BETTER | J2: SUM | K2: =SUMIFS('KPI_Plan'!J:J,'KPI_Plan'!A:A,B2) -> 3000000 | L2: =SUMIFS('KPI_Measurement'!F:F,'KPI_Measurement'!B:B,B2) -> 2400000 | M2: =COUNTIFS('KPI_Measurement'!B:B,B2) -> 3 | N2: =IF(I2="HIGHER_IS_BETTER",MAX(0,K2-L2),MAX(0,L2-K2)) -> 600000 | O2: =IF(I2="HIGHER_IS_BETTER",IF(K2>0,L2/K2,""),IF(L2>0,K2/L2,"")) -> 0.8 | P2: =IF(IF(I2="HIGHER_IS_BETTER",L2>=K2,L2<=K2),"ON_TARGET","BELOW_TARGET") -> BELOW_TARGET | Q2: FINAL_SIMULATED | R2: 2026-03-03T09:00:00+07:00 | S2: 2026-03-03T09:00:00+07:00
A3: RESULT-1-RESOLVED | B3: PLAN-1-RESOLVED | C3: GOAL-EXPERIENCE-2026 | D3: UNIT-CS | E3: RESOLVED | F3: 2026-01-01 | G3: 2026-01-31 | H3: CASE | I3: HIGHER_IS_BETTER | J3: SUM | K3: =SUMIFS('KPI_Plan'!J:J,'KPI_Plan'!A:A,B3) -> 30 | L3: =SUMIFS('KPI_Measurement'!F:F,'KPI_Measurement'!B:B,B3) -> 24 | M3: =COUNTIFS('KPI_Measurement'!B:B,B3) -> 3 | N3: =IF(I3="HIGHER_IS_BETTER",MAX(0,K3-L3),MAX(0,L3-K3)) -> 6 | O3: =IF(I3="HIGHER_IS_BETTER",IF(K3>0,L3/K3,""),IF(L3>0,K3/L3,"")) -> 0.8 | P3: =IF(IF(I3="HIGHER_IS_BETTER",L3>=K3,L3<=K3),"ON_TARGET","BELOW_TARGET") -> BELOW_TARGET | Q3: FINAL_SIMULATED | R3: 2026-03-03T09:00:00+07:00 | S3: 2026-03-03T09:00:00+07:00
A4: RESULT-1-RESPONSE_HOURS | B4: PLAN-1-RESPONSE_HOURS | C4: GOAL-EXPERIENCE-2026 | D4: UNIT-CS | E4: RESPONSE_HOURS | F4: 2026-01-01 | G4: 2026-01-31 | H4: HOUR | I4: LOWER_IS_BETTER | J4: AVG | K4: =SUMIFS('KPI_Plan'!J:J,'KPI_Plan'!A:A,B4) -> 24 | L4: =AVERAGEIFS('KPI_Measurement'!F:F,'KPI_Measurement'!B:B,B4) -> 30 | M4: =COUNTIFS('KPI_Measurement'!B:B,B4) -> 3 | N4: =IF(I4="HIGHER_IS_BETTER",MAX(0,K4-L4),MAX(0,L4-K4)) -> 6 | O4: =IF(I4="HIGHER_IS_BETTER",IF(K4>0,L4/K4,""),IF(L4>0,K4/L4,"")) -> 0.8 | P4: =IF(IF(I4="HIGHER_IS_BETTER",L4>=K4,L4<=K4),"ON_TARGET","BELOW_TARGET") -> BELOW_TARGET | Q4: FINAL_SIMULATED | R4: 2026-03-03T09:00:00+07:00 | S4: 2026-03-03T09:00:00+07:00
A5: RESULT-1-SATISFACTION | B5: PLAN-1-SATISFACTION | C5: GOAL-EXPERIENCE-2026 | D5: UNIT-CS | E5: SATISFACTION | F5: 2026-01-01 | G5: 2026-01-31 | H5: SCORE_1_5 | I5: HIGHER_IS_BETTER | J5: AVG | K5: =SUMIFS('KPI_Plan'!J:J,'KPI_Plan'!A:A,B5) -> 4 | L5: =AVERAGEIFS('KPI_Measurement'!F:F,'KPI_Measurement'!B:B,B5) -> 3.333333 | M5: =COUNTIFS('KPI_Measurement'!B:B,B5) -> 3 | N5: =IF(I5="HIGHER_IS_BETTER",MAX(0,K5-L5),MAX(0,L5-K5)) -> 0.666667 | O5: =IF(I5="HIGHER_IS_BETTER",IF(K5>0,L5/K5,""),IF(L5>0,K5/L5,"")) -> 0.833333 | P5: =IF(IF(I5="HIGHER_IS_BETTER",L5>=K5,L5<=K5),"ON_TARGET","BELOW_TARGET") -> BELOW_TARGET | Q5: FINAL_SIMULATED | R5: 2026-03-03T09:00:00+07:00 | S5: 2026-03-03T09:00:00+07:00
A6: RESULT-2-REVENUE | B6: PLAN-2-REVENUE | C6: GOAL-EXPERIENCE-2026 | D6: UNIT-MKT | E6: REVENUE | F6: 2026-02-01 | G6: 2026-02-28 | H6: IDR | I6: HIGHER_IS_BETTER | J6: SUM | K6: =SUMIFS('KPI_Plan'!J:J,'KPI_Plan'!A:A,B6) -> 3000000 | L6: =SUMIFS('KPI_Measurement'!F:F,'KPI_Measurement'!B:B,B6) -> 2640000 | M6: =COUNTIFS('KPI_Measurement'!B:B,B6) -> 3 | N6: =IF(I6="HIGHER_IS_BETTER",MAX(0,K6-L6),MAX(0,L6-K6)) -> 360000 | O6: =IF(I6="HIGHER_IS_BETTER",IF(K6>0,L6/K6,""),IF(L6>0,K6/L6,"")) -> 0.88 | P6: =IF(IF(I6="HIGHER_IS_BETTER",L6>=K6,L6<=K6),"ON_TARGET","BELOW_TARGET") -> BELOW_TARGET | Q6: FINAL_SIMULATED | R6: 2026-03-03T09:00:00+07:00 | S6: 2026-03-03T09:00:00+07:00
A7: RESULT-2-RESOLVED | B7: PLAN-2-RESOLVED | C7: GOAL-EXPERIENCE-2026 | D7: UNIT-CS | E7: RESOLVED | F7: 2026-02-01 | G7: 2026-02-28 | H7: CASE | I7: HIGHER_IS_BETTER | J7: SUM | K7: =SUMIFS('KPI_Plan'!J:J,'KPI_Plan'!A:A,B7) -> 30 | L7: =SUMIFS('KPI_Measurement'!F:F,'KPI_Measurement'!B:B,B7) -> 27 | M7: =COUNTIFS('KPI_Measurement'!B:B,B7) -> 3 | N7: =IF(I7="HIGHER_IS_BETTER",MAX(0,K7-L7),MAX(0,L7-K7)) -> 3 | O7: =IF(I7="HIGHER_IS_BETTER",IF(K7>0,L7/K7,""),IF(L7>0,K7/L7,"")) -> 0.9 | P7: =IF(IF(I7="HIGHER_IS_BETTER",L7>=K7,L7<=K7),"ON_TARGET","BELOW_TARGET") -> BELOW_TARGET | Q7: FINAL_SIMULATED | R7: 2026-03-03T09:00:00+07:00 | S7: 2026-03-03T09:00:00+07:00
A8: RESULT-2-RESPONSE_HOURS | B8: PLAN-2-RESPONSE_HOURS | C8: GOAL-EXPERIENCE-2026 | D8: UNIT-CS | E8: RESPONSE_HOURS | F8: 2026-02-01 | G8: 2026-02-28 | H8: HOUR | I8: LOWER_IS_BETTER | J8: AVG | K8: =SUMIFS('KPI_Plan'!J:J,'KPI_Plan'!A:A,B8) -> 24 | L8: =AVERAGEIFS('KPI_Measurement'!F:F,'KPI_Measurement'!B:B,B8) -> 24 | M8: =COUNTIFS('KPI_Measurement'!B:B,B8) -> 3 | N8: =IF(I8="HIGHER_IS_BETTER",MAX(0,K8-L8),MAX(0,L8-K8)) -> 0 | O8: =IF(I8="HIGHER_IS_BETTER",IF(K8>0,L8/K8,""),IF(L8>0,K8/L8,"")) -> 1 | P8: =IF(IF(I8="HIGHER_IS_BETTER",L8>=K8,L8<=K8),"ON_TARGET","BELOW_TARGET") -> ON_TARGET | Q8: FINAL_SIMULATED | R8: 2026-03-03T09:00:00+07:00 | S8: 2026-03-03T09:00:00+07:00
A9: RESULT-2-SATISFACTION | B9: PLAN-2-SATISFACTION | C9: GOAL-EXPERIENCE-2026 | D9: UNIT-CS | E9: SATISFACTION | F9: 2026-02-01 | G9: 2026-02-28 | H9: SCORE_1_5 | I9: HIGHER_IS_BETTER | J9: AVG | K9: =SUMIFS('KPI_Plan'!J:J,'KPI_Plan'!A:A,B9) -> 4 | L9: =AVERAGEIFS('KPI_Measurement'!F:F,'KPI_Measurement'!B:B,B9) -> 3.666667 | M9: =COUNTIFS('KPI_Measurement'!B:B,B9) -> 3 | N9: =IF(I9="HIGHER_IS_BETTER",MAX(0,K9-L9),MAX(0,L9-K9)) -> 0.333333 | O9: =IF(I9="HIGHER_IS_BETTER",IF(K9>0,L9/K9,""),IF(L9>0,K9/L9,"")) -> 0.916667 | P9: =IF(IF(I9="HIGHER_IS_BETTER",L9>=K9,L9<=K9),"ON_TARGET","BELOW_TARGET") -> BELOW_TARGET | Q9: FINAL_SIMULATED | R9: 2026-03-03T09:00:00+07:00 | S9: 2026-03-03T09:00:00+07:00

Sheet Action_Plan
A1: action_id | B1: source_sheet | C1: source_record_id | D1: unit_code | E1: indicator_code | F1: period_start | G1: period_end | H1: baseline_value | I1: target_value | J1: measurement_unit | K1: finding | L1: cause_hypothesis | M1: cause_status | N1: evidence_ref | O1: action_description | P1: owner_team_code | Q1: due_date | R1: action_status | S1: followup_start | T1: followup_end | U1: followup_value | V1: verification_status | W1: collected_at
A2: ACT-KPI-01 | B2: KPI_Result | C2: RESULT-1-RESPONSE_HOURS | D2: UNIT-CS | E2: RESPONSE_HOURS | F2: 2026-01-01 | G2: 2026-01-31 | H2: 30 | I2: 24 | J2: HOUR | K2: Rata-rata respons 30 jam dibanding target contoh maksimal 24 jam. | L2: Antrean layanan masih hipotesis; contoh hanya 3 pengukuran. | M2: UNVERIFIED | N2: SIMULASI::KPI_Result::RESULT-1-RESPONSE_HOURS | O2: Verifikasi sampel dan proses antrean, uji alokasi petugas, lalu ukur respons dengan metode dan cakupan yang sama. | P2: TEAM-CS | Q2: 2026-02-15 | R2: PLANNED | S2: 2026-02-01 | T2: 2026-02-28 | V2: NOT_EVALUATED | W2: 2026-02-02T09:00:00+07:00
